window,file,bytes_gz,events
KXGOLD15M-26AUG050000-00,events/KXGOLD15M-26AUG050000-00/2026-08-05.ndjson.gz,591412,38127
KXGOLD15M-26AUG050800-00,events/KXGOLD15M-26AUG050800-00/2026-08-05.ndjson.gz,449032,29015
KXGOLD15M-26AUG051300-00,events/KXGOLD15M-26AUG051300-00/2026-08-05.ndjson.gz,578636,36342
KXGOLD15M-26AUG060000-00,events/KXGOLD15M-26AUG060000-00/2026-08-06.ndjson.gz,761301,49528
KXGOLD15M-26AUG060800-00,events/KXGOLD15M-26AUG060800-00/2026-08-06.ndjson.gz,756390,50825
KXGOLD15M-26AUG061300-00,events/KXGOLD15M-26AUG061300-00/2026-08-06.ndjson.gz,619532,39880
KXGOLD15M-26AUG070000-00,events/KXGOLD15M-26AUG070000-00/2026-08-07.ndjson.gz,726490,45393
KXGOLD15M-26AUG070800-00,events/KXGOLD15M-26AUG070800-00/2026-08-07.ndjson.gz,915895,58952
KXGOLD15M-26AUG071300-00,events/KXGOLD15M-26AUG071300-00/2026-08-07.ndjson.gz,916045,57690
KXGOLD15M-26AUG101800-00,events/KXGOLD15M-26AUG101800-00/2026-08-10.ndjson.gz,537861,33746
KXGOLD15M-26AUG101815-15,events/KXGOLD15M-26AUG101815-15/2026-08-10.ndjson.gz,831496,54362
KXGOLD15M-26AUG101830-30,events/KXGOLD15M-26AUG101830-30/2026-08-10.ndjson.gz,466629,29734
KXGOLD15M-26AUG101845-45,events/KXGOLD15M-26AUG101845-45/2026-08-10.ndjson.gz,555830,35670
KXGOLD15M-26AUG101900-00,events/KXGOLD15M-26AUG101900-00/2026-08-10.ndjson.gz,373228,23003
KXGOLD15M-26AUG101915-15,events/KXGOLD15M-26AUG101915-15/2026-08-10.ndjson.gz,722977,46369
KXGOLD15M-26AUG101930-30,events/KXGOLD15M-26AUG101930-30/2026-08-10.ndjson.gz,459122,28519
KXGOLD15M-26AUG101945-45,events/KXGOLD15M-26AUG101945-45/2026-08-10.ndjson.gz,444812,27680
KXGOLD15M-26AUG102000-00,events/KXGOLD15M-26AUG102000-00/2026-08-10.ndjson.gz,733534,47653
KXGOLD15M-26AUG102000-00,events/KXGOLD15M-26AUG102000-00/2026-08-11.ndjson.gz,323,5
KXGOLD15M-26AUG102015-15,events/KXGOLD15M-26AUG102015-15/2026-08-11.ndjson.gz,807950,53121
KXGOLD15M-26AUG102030-30,events/KXGOLD15M-26AUG102030-30/2026-08-11.ndjson.gz,535405,34334
KXGOLD15M-26AUG102045-45,events/KXGOLD15M-26AUG102045-45/2026-08-11.ndjson.gz,670318,42429
KXGOLD15M-26AUG102100-00,events/KXGOLD15M-26AUG102100-00/2026-08-11.ndjson.gz,964648,63918
KXGOLD15M-26AUG102115-15,events/KXGOLD15M-26AUG102115-15/2026-08-11.ndjson.gz,2465962,184861
KXGOLD15M-26AUG102130-30,events/KXGOLD15M-26AUG102130-30/2026-08-11.ndjson.gz,2651309,197896
KXGOLD15M-26AUG102145-45,events/KXGOLD15M-26AUG102145-45/2026-08-11.ndjson.gz,2084351,139684
KXGOLD15M-26AUG102200-00,events/KXGOLD15M-26AUG102200-00/2026-08-11.ndjson.gz,474270,30138
KXGOLD15M-26AUG102215-15,events/KXGOLD15M-26AUG102215-15/2026-08-11.ndjson.gz,1142233,74513
KXGOLD15M-26AUG102230-30,events/KXGOLD15M-26AUG102230-30/2026-08-11.ndjson.gz,711660,44685
KXGOLD15M-26AUG102245-45,events/KXGOLD15M-26AUG102245-45/2026-08-11.ndjson.gz,574073,36869
KXGOLD15M-26AUG102300-00,events/KXGOLD15M-26AUG102300-00/2026-08-11.ndjson.gz,721021,46243
KXGOLD15M-26AUG102315-15,events/KXGOLD15M-26AUG102315-15/2026-08-11.ndjson.gz,1002291,67405
KXGOLD15M-26AUG102330-30,events/KXGOLD15M-26AUG102330-30/2026-08-11.ndjson.gz,727972,47971
KXGOLD15M-26AUG102345-45,events/KXGOLD15M-26AUG102345-45/2026-08-11.ndjson.gz,776051,51010
KXGOLD15M-26AUG110000-00,events/KXGOLD15M-26AUG110000-00/2026-08-11.ndjson.gz,898424,59545
KXGOLD15M-26AUG110800-00,events/KXGOLD15M-26AUG110800-00/2026-08-11.ndjson.gz,910331,59779
KXGOLD15M-26AUG111300-00,events/KXGOLD15M-26AUG111300-00/2026-08-11.ndjson.gz,943334,60355
KXGOLD15M-26AUG120000-00,events/KXGOLD15M-26AUG120000-00/2026-08-12.ndjson.gz,1198430,82615
KXGOLD15M-26AUG120800-00,events/KXGOLD15M-26AUG120800-00/2026-08-12.ndjson.gz,804871,52731
KXGOLD15M-26AUG121300-00,events/KXGOLD15M-26AUG121300-00/2026-08-12.ndjson.gz,542530,34990
KXGOLD15M-26AUG102130-30,snapshots/KXGOLD15M-26AUG102130-30/2026-08-11/01/compacted.parquet,258384,
KXGOLD15M-26AUG050000-00,metadata/KXGOLD15M-26AUG050000.json,3412,
KXGOLD15M-26AUG050800-00,metadata/KXGOLD15M-26AUG050800.json,3408,
KXGOLD15M-26AUG051300-00,metadata/KXGOLD15M-26AUG051300.json,3411,
KXGOLD15M-26AUG060000-00,metadata/KXGOLD15M-26AUG060000.json,3414,
KXGOLD15M-26AUG060800-00,metadata/KXGOLD15M-26AUG060800.json,3409,
KXGOLD15M-26AUG061300-00,metadata/KXGOLD15M-26AUG061300.json,3412,
KXGOLD15M-26AUG070000-00,metadata/KXGOLD15M-26AUG070000.json,3412,
KXGOLD15M-26AUG070800-00,metadata/KXGOLD15M-26AUG070800.json,3408,
KXGOLD15M-26AUG071300-00,metadata/KXGOLD15M-26AUG071300.json,3410,
KXGOLD15M-26AUG101800-00,metadata/KXGOLD15M-26AUG101800.json,3411,
KXGOLD15M-26AUG101815-15,metadata/KXGOLD15M-26AUG101815.json,3409,
KXGOLD15M-26AUG101830-30,metadata/KXGOLD15M-26AUG101830.json,3412,
KXGOLD15M-26AUG101845-45,metadata/KXGOLD15M-26AUG101845.json,3412,
KXGOLD15M-26AUG101900-00,metadata/KXGOLD15M-26AUG101900.json,3412,
KXGOLD15M-26AUG101915-15,metadata/KXGOLD15M-26AUG101915.json,3410,
KXGOLD15M-26AUG101930-30,metadata/KXGOLD15M-26AUG101930.json,3411,
KXGOLD15M-26AUG101945-45,metadata/KXGOLD15M-26AUG101945.json,3411,
KXGOLD15M-26AUG102000-00,metadata/KXGOLD15M-26AUG102000.json,3412,
KXGOLD15M-26AUG102015-15,metadata/KXGOLD15M-26AUG102015.json,3412,
KXGOLD15M-26AUG102030-30,metadata/KXGOLD15M-26AUG102030.json,3411,
KXGOLD15M-26AUG102045-45,metadata/KXGOLD15M-26AUG102045.json,3411,
KXGOLD15M-26AUG102100-00,metadata/KXGOLD15M-26AUG102100.json,3411,
KXGOLD15M-26AUG102115-15,metadata/KXGOLD15M-26AUG102115.json,3412,
KXGOLD15M-26AUG102130-30,metadata/KXGOLD15M-26AUG102130.json,3409,
KXGOLD15M-26AUG102145-45,metadata/KXGOLD15M-26AUG102145.json,3411,
KXGOLD15M-26AUG102200-00,metadata/KXGOLD15M-26AUG102200.json,3414,
KXGOLD15M-26AUG102215-15,metadata/KXGOLD15M-26AUG102215.json,3416,
KXGOLD15M-26AUG102230-30,metadata/KXGOLD15M-26AUG102230.json,3414,
KXGOLD15M-26AUG102245-45,metadata/KXGOLD15M-26AUG102245.json,3414,
KXGOLD15M-26AUG102300-00,metadata/KXGOLD15M-26AUG102300.json,3415,
KXGOLD15M-26AUG102315-15,metadata/KXGOLD15M-26AUG102315.json,3416,
KXGOLD15M-26AUG102330-30,metadata/KXGOLD15M-26AUG102330.json,3414,
KXGOLD15M-26AUG102345-45,metadata/KXGOLD15M-26AUG102345.json,3415,
KXGOLD15M-26AUG110000-00,metadata/KXGOLD15M-26AUG110000.json,3416,
KXGOLD15M-26AUG110800-00,metadata/KXGOLD15M-26AUG110800.json,3412,
KXGOLD15M-26AUG111300-00,metadata/KXGOLD15M-26AUG111300.json,3413,
KXGOLD15M-26AUG120000-00,metadata/KXGOLD15M-26AUG120000.json,3419,
KXGOLD15M-26AUG120800-00,metadata/KXGOLD15M-26AUG120800.json,3411,
KXGOLD15M-26AUG121300-00,metadata/KXGOLD15M-26AUG121300.json,3412,
