window,event_ticker,open_time,close_time,strike_type,floor_strike,status,result,expiration_value,settlement_value_dollars,settlement_ts,price_level_structure,volume_fp,open_interest_fp
KXGOLD15M-26AUG050000-00,KXGOLD15M-26AUG050000,2026-08-05T03:45:00Z,2026-08-05T04:00:00Z,greater_or_equal,4128.56,finalized,no,4128.40,0.0000,2026-08-05T04:00:04.828502Z,linear_cent,23727.91,6556.98
KXGOLD15M-26AUG050800-00,KXGOLD15M-26AUG050800,2026-08-05T11:45:00Z,2026-08-05T12:00:00Z,greater_or_equal,4184.96,finalized,yes,4189.00,1.0000,2026-08-05T12:00:10.878759Z,linear_cent,8721.70,4210.26
KXGOLD15M-26AUG051300-00,KXGOLD15M-26AUG051300,2026-08-05T16:45:00Z,2026-08-05T17:00:00Z,greater_or_equal,4244.85,finalized,no,4242.39,0.0000,2026-08-05T17:00:10.881505Z,linear_cent,44972.08,17484.11
KXGOLD15M-26AUG060000-00,KXGOLD15M-26AUG060000,2026-08-06T03:45:00Z,2026-08-06T04:00:00Z,greater_or_equal,4262.88,finalized,yes,4265.55,1.0000,2026-08-06T04:00:04.134979Z,linear_cent,49826.72,22032.79
KXGOLD15M-26AUG060800-00,KXGOLD15M-26AUG060800,2026-08-06T11:45:00Z,2026-08-06T12:00:00Z,greater_or_equal,4260.59,finalized,yes,4263.43,1.0000,2026-08-06T12:00:01.711377Z,linear_cent,27252.45,6542.23
KXGOLD15M-26AUG061300-00,KXGOLD15M-26AUG061300,2026-08-06T16:45:00Z,2026-08-06T17:00:00Z,greater_or_equal,4233.59,finalized,yes,4241.28,1.0000,2026-08-06T17:00:01.711407Z,linear_cent,40536.61,17120.28
KXGOLD15M-26AUG070000-00,KXGOLD15M-26AUG070000,2026-08-07T03:45:00Z,2026-08-07T04:00:00Z,greater_or_equal,4260.78,finalized,yes,4266.21,1.0000,2026-08-07T04:00:05.472083Z,linear_cent,50574.07,16293.00
KXGOLD15M-26AUG070800-00,KXGOLD15M-26AUG070800,2026-08-07T11:45:00Z,2026-08-07T12:00:00Z,greater_or_equal,4323.24,finalized,no,4321.36,0.0000,2026-08-07T12:00:05.460745Z,linear_cent,34997.42,8360.09
KXGOLD15M-26AUG071300-00,KXGOLD15M-26AUG071300,2026-08-07T16:45:00Z,2026-08-07T17:00:00Z,greater_or_equal,4338.7,finalized,no,4329.47,0.0000,2026-08-07T17:00:05.460126Z,linear_cent,52620.70,25866.81
KXGOLD15M-26AUG101800-00,KXGOLD15M-26AUG101800,2026-08-10T21:45:00Z,2026-08-10T22:00:00Z,greater_or_equal,4394.94,finalized,no,4392.07,0.0000,2026-08-10T22:00:05.462145Z,linear_cent,32310.99,17670.44
KXGOLD15M-26AUG101815-15,KXGOLD15M-26AUG101815,2026-08-10T22:00:00Z,2026-08-10T22:15:00Z,greater_or_equal,4392.07,finalized,no,4391.39,0.0000,2026-08-10T22:15:05.474299Z,linear_cent,67211.24,17676.23
KXGOLD15M-26AUG101830-30,KXGOLD15M-26AUG101830,2026-08-10T22:15:00Z,2026-08-10T22:30:00Z,greater_or_equal,4391.39,finalized,yes,4392.24,1.0000,2026-08-10T22:30:05.466983Z,linear_cent,41191.01,27097.34
KXGOLD15M-26AUG101845-45,KXGOLD15M-26AUG101845,2026-08-10T22:30:00Z,2026-08-10T22:45:00Z,greater_or_equal,4392.24,finalized,yes,4395.85,1.0000,2026-08-10T22:45:05.470334Z,linear_cent,29558.32,14651.03
KXGOLD15M-26AUG101900-00,KXGOLD15M-26AUG101900,2026-08-10T22:45:00Z,2026-08-10T23:00:00Z,greater_or_equal,4395.85,finalized,yes,4399.09,1.0000,2026-08-10T23:00:05.467118Z,linear_cent,32880.91,17434.22
KXGOLD15M-26AUG101915-15,KXGOLD15M-26AUG101915,2026-08-10T23:00:00Z,2026-08-10T23:15:00Z,greater_or_equal,4399.09,finalized,no,4397.55,0.0000,2026-08-10T23:15:05.473929Z,linear_cent,57333.04,22757.61
KXGOLD15M-26AUG101930-30,KXGOLD15M-26AUG101930,2026-08-10T23:15:00Z,2026-08-10T23:30:00Z,greater_or_equal,4397.55,finalized,no,4395.53,0.0000,2026-08-10T23:30:05.474081Z,linear_cent,43812.43,24638.89
KXGOLD15M-26AUG101945-45,KXGOLD15M-26AUG101945,2026-08-10T23:30:00Z,2026-08-10T23:45:00Z,greater_or_equal,4395.53,finalized,yes,4398.78,1.0000,2026-08-10T23:45:05.46391Z,linear_cent,24105.94,10301.12
KXGOLD15M-26AUG102000-00,KXGOLD15M-26AUG102000,2026-08-10T23:45:00Z,2026-08-11T00:00:00Z,greater_or_equal,4398.78,finalized,yes,4402.44,1.0000,2026-08-11T00:00:05.459018Z,linear_cent,38117.67,15592.47
KXGOLD15M-26AUG102015-15,KXGOLD15M-26AUG102015,2026-08-11T00:00:00Z,2026-08-11T00:15:00Z,greater_or_equal,4402.44,finalized,yes,4405.11,1.0000,2026-08-11T00:15:05.465568Z,linear_cent,58684.06,13231.68
KXGOLD15M-26AUG102030-30,KXGOLD15M-26AUG102030,2026-08-11T00:15:00Z,2026-08-11T00:30:00Z,greater_or_equal,4405.11,finalized,yes,4414.09,1.0000,2026-08-11T00:30:05.463421Z,linear_cent,26315.87,13811.83
KXGOLD15M-26AUG102045-45,KXGOLD15M-26AUG102045,2026-08-11T00:30:00Z,2026-08-11T00:45:00Z,greater_or_equal,4414.09,finalized,no,4413.96,0.0000,2026-08-11T00:45:05.474989Z,linear_cent,52285.76,31915.92
KXGOLD15M-26AUG102100-00,KXGOLD15M-26AUG102100,2026-08-11T00:45:00Z,2026-08-11T01:00:00Z,greater_or_equal,4413.96,finalized,no,4409.59,0.0000,2026-08-11T01:00:05.460616Z,linear_cent,41372.20,18943.55
KXGOLD15M-26AUG102115-15,KXGOLD15M-26AUG102115,2026-08-11T01:00:00Z,2026-08-11T01:15:00Z,greater_or_equal,4409.59,finalized,yes,4414.40,1.0000,2026-08-11T01:15:05.466228Z,linear_cent,61370.46,24750.23
KXGOLD15M-26AUG102130-30,KXGOLD15M-26AUG102130,2026-08-11T01:15:00Z,2026-08-11T01:30:00Z,greater_or_equal,4414.4,finalized,yes,4419.24,1.0000,2026-08-11T01:30:05.45973Z,linear_cent,49376.57,20835.67
KXGOLD15M-26AUG102145-45,KXGOLD15M-26AUG102145,2026-08-11T01:30:00Z,2026-08-11T01:45:00Z,greater_or_equal,4419.24,finalized,no,4415.77,0.0000,2026-08-11T01:45:05.471077Z,linear_cent,73261.09,27019.52
KXGOLD15M-26AUG102200-00,KXGOLD15M-26AUG102200,2026-08-11T01:45:00Z,2026-08-11T02:00:00Z,greater_or_equal,4415.77,finalized,yes,4429.47,1.0000,2026-08-11T02:00:05.466162Z,linear_cent,34319.85,26454.22
KXGOLD15M-26AUG102215-15,KXGOLD15M-26AUG102215,2026-08-11T02:00:00Z,2026-08-11T02:15:00Z,greater_or_equal,4429.47,finalized,yes,4433.92,1.0000,2026-08-11T02:15:05.467326Z,linear_cent,86217.88,19204.16
KXGOLD15M-26AUG102230-30,KXGOLD15M-26AUG102230,2026-08-11T02:15:00Z,2026-08-11T02:30:00Z,greater_or_equal,4433.92,finalized,no,4428.67,0.0000,2026-08-11T02:30:05.460687Z,linear_cent,57366.64,29395.24
KXGOLD15M-26AUG102245-45,KXGOLD15M-26AUG102245,2026-08-11T02:30:00Z,2026-08-11T02:45:00Z,greater_or_equal,4428.67,finalized,no,4418.65,0.0000,2026-08-11T02:45:05.462606Z,linear_cent,37158.31,27897.96
KXGOLD15M-26AUG102300-00,KXGOLD15M-26AUG102300,2026-08-11T02:45:00Z,2026-08-11T03:00:00Z,greater_or_equal,4418.65,finalized,no,4410.91,0.0000,2026-08-11T03:00:05.459574Z,linear_cent,38812.20,23647.11
KXGOLD15M-26AUG102315-15,KXGOLD15M-26AUG102315,2026-08-11T03:00:00Z,2026-08-11T03:15:00Z,greater_or_equal,4410.91,finalized,yes,4413.60,1.0000,2026-08-11T03:15:05.463517Z,linear_cent,45698.40,17946.49
KXGOLD15M-26AUG102330-30,KXGOLD15M-26AUG102330,2026-08-11T03:15:00Z,2026-08-11T03:30:00Z,greater_or_equal,4413.6,finalized,yes,4420.32,1.0000,2026-08-11T03:30:05.462193Z,linear_cent,27967.64,11886.88
KXGOLD15M-26AUG102345-45,KXGOLD15M-26AUG102345,2026-08-11T03:30:00Z,2026-08-11T03:45:00Z,greater_or_equal,4420.32,finalized,no,4416.01,0.0000,2026-08-11T03:45:05.467139Z,linear_cent,47737.05,20284.58
KXGOLD15M-26AUG110000-00,KXGOLD15M-26AUG110000,2026-08-11T03:45:00Z,2026-08-11T04:00:00Z,greater_or_equal,4416.01,finalized,yes,4416.74,1.0000,2026-08-11T04:00:05.459535Z,linear_cent,33596.44,13121.98
KXGOLD15M-26AUG110800-00,KXGOLD15M-26AUG110800,2026-08-11T11:45:00Z,2026-08-11T12:00:00Z,greater_or_equal,4385.92,finalized,yes,4387.73,1.0000,2026-08-11T12:00:09.862411Z,linear_cent,40768.62,15822.06
KXGOLD15M-26AUG111300-00,KXGOLD15M-26AUG111300,2026-08-11T16:45:00Z,2026-08-11T17:00:00Z,greater_or_equal,4384.83,finalized,no,4383.99,0.0000,2026-08-11T17:00:19.865277Z,linear_cent,62637.63,24617.12
KXGOLD15M-26AUG120000-00,KXGOLD15M-26AUG120000,2026-08-12T03:45:00Z,2026-08-12T04:00:00Z,greater_or_equal,4401.67,finalized,yes,4402.77,1.0000,2026-08-12T15:48:09.06175Z,linear_cent,33515.40,16039.57
KXGOLD15M-26AUG120800-00,KXGOLD15M-26AUG120800,2026-08-12T11:45:00Z,2026-08-12T12:00:00Z,greater_or_equal,4413.45,finalized,no,4412.82,0.0000,2026-08-12T12:00:19.061659Z,linear_cent,34477.17,14137.19
KXGOLD15M-26AUG121300-00,KXGOLD15M-26AUG121300,2026-08-12T16:45:00Z,2026-08-12T17:00:00Z,greater_or_equal,4411.05,finalized,no,4401.94,0.0000,2026-08-12T17:00:19.063522Z,linear_cent,55947.87,37709.13
